branch_id,branch_name,city,state
BR0001,Branch_1,Nagpur,Maharashtra
BR0002,Branch_2,Chennai,Telangana
BR0003,Branch_3,Hyderabad,West Bengal
BR0004,Branch_4,Delhi,West Bengal
BR0005,Branch_5,Delhi,Delhi
BR0006,Branch_6,Chennai,Karnataka
BR0007,Branch_7,Nagpur,Telangana
BR0008,Branch_8,Hyderabad,Delhi
BR0009,Branch_9,Mumbai,Delhi
BR0010,Branch_10,Nagpur,Delhi
BR0011,Branch_11,Bengaluru,West Bengal
BR0012,Branch_12,Kolkata,Tamil Nadu
BR0013,Branch_13,Hyderabad,West Bengal
BR0014,Branch_14,Chennai,Tamil Nadu
BR0015,Branch_15,Hyderabad,West Bengal
BR0016,Branch_16,Chennai,Maharashtra
BR0017,Branch_17,Bengaluru,West Bengal
BR0018,Branch_18,Mumbai,Maharashtra
BR0019,Branch_19,Chennai,Karnataka
BR0020,Branch_20,Delhi,Telangana
BR0021,Branch_21,Bengaluru,Karnataka
BR0022,Branch_22,Pune,Maharashtra
BR0023,Branch_23,Mumbai,Delhi
BR0024,Branch_24,Kolkata,Tamil Nadu
BR0025,Branch_25,Chennai,Delhi
BR0026,Branch_26,Hyderabad,Delhi
BR0027,Branch_27,Delhi,West Bengal
BR0028,Branch_28,Chennai,Maharashtra
BR0029,Branch_29,Bengaluru,West Bengal
BR0030,Branch_30,Delhi,West Bengal
BR0031,Branch_31,Delhi,Telangana
BR0032,Branch_32,Mumbai,Maharashtra
BR0033,Branch_33,Nagpur,Maharashtra
BR0034,Branch_34,Bengaluru,Delhi
BR0035,Branch_35,Kolkata,Telangana
BR0036,Branch_36,Nagpur,Maharashtra
BR0037,Branch_37,Chennai,Karnataka
BR0038,Branch_38,Chennai,Maharashtra
BR0039,Branch_39,Pune,Telangana
BR0040,Branch_40,Hyderabad,Maharashtra
BR0041,Branch_41,Mumbai,Tamil Nadu
BR0042,Branch_42,Chennai,Maharashtra
BR0043,Branch_43,Hyderabad,Delhi
BR0044,Branch_44,Pune,Delhi
BR0045,Branch_45,Nagpur,Tamil Nadu
BR0046,Branch_46,Kolkata,Maharashtra
BR0047,Branch_47,Delhi,Karnataka
BR0048,Branch_48,Kolkata,Telangana
BR0049,Branch_49,Hyderabad,Telangana
BR0050,Branch_50,Chennai,Tamil Nadu
BR0051,Branch_51,Chennai,Tamil Nadu
BR0052,Branch_52,Mumbai,Karnataka
BR0053,Branch_53,Pune,Tamil Nadu
BR0054,Branch_54,Delhi,Delhi
BR0055,Branch_55,Delhi,West Bengal
BR0056,Branch_56,Nagpur,Telangana
BR0057,Branch_57,Bengaluru,Tamil Nadu
BR0058,Branch_58,Mumbai,West Bengal
BR0059,Branch_59,Hyderabad,Tamil Nadu
BR0060,Branch_60,Hyderabad,West Bengal
BR0061,Branch_61,Kolkata,Telangana
BR0062,Branch_62,Hyderabad,Maharashtra
BR0063,Branch_63,Pune,Karnataka
BR0064,Branch_64,Kolkata,Delhi
BR0065,Branch_65,Delhi,West Bengal
BR0066,Branch_66,Pune,Delhi
BR0067,Branch_67,Kolkata,Delhi
BR0068,Branch_68,Pune,Delhi
BR0069,Branch_69,Nagpur,Telangana
BR0070,Branch_70,Delhi,Telangana
BR0071,Branch_71,Chennai,West Bengal
BR0072,Branch_72,Mumbai,Karnataka
BR0073,Branch_73,Delhi,Delhi
BR0074,Branch_74,Mumbai,Maharashtra
BR0075,Branch_75,Hyderabad,Maharashtra
BR0076,Branch_76,Delhi,Karnataka
BR0077,Branch_77,Pune,West Bengal
BR0078,Branch_78,Mumbai,Telangana
BR0079,Branch_79,Bengaluru,West Bengal
BR0080,Branch_80,Hyderabad,Maharashtra
BR0081,Branch_81,Kolkata,Maharashtra
BR0082,Branch_82,Delhi,West Bengal
BR0083,Branch_83,Mumbai,Maharashtra
BR0084,Branch_84,Chennai,Maharashtra
BR0085,Branch_85,Hyderabad,Karnataka
BR0086,Branch_86,Hyderabad,West Bengal
BR0087,Branch_87,Nagpur,Tamil Nadu
BR0088,Branch_88,Pune,Maharashtra
BR0089,Branch_89,Chennai,West Bengal
BR0090,Branch_90,Chennai,West Bengal
BR0091,Branch_91,Delhi,Tamil Nadu
BR0092,Branch_92,Chennai,West Bengal
BR0093,Branch_93,Chennai,Delhi
BR0094,Branch_94,Delhi,West Bengal
BR0095,Branch_95,Kolkata,Delhi
BR0096,Branch_96,Pune,Tamil Nadu
BR0097,Branch_97,Mumbai,Telangana
BR0098,Branch_98,Hyderabad,Tamil Nadu
BR0099,Branch_99,Hyderabad,Telangana
BR0100,Branch_100,Mumbai,Telangana
BR0101,Branch_101,Chennai,Telangana
BR0102,Branch_102,Mumbai,Tamil Nadu
BR0103,Branch_103,Chennai,Tamil Nadu
BR0104,Branch_104,Nagpur,Maharashtra
BR0105,Branch_105,Chennai,Tamil Nadu
BR0106,Branch_106,Chennai,Telangana
BR0107,Branch_107,Chennai,Delhi
BR0108,Branch_108,Hyderabad,Telangana
BR0109,Branch_109,Delhi,West Bengal
BR0110,Branch_110,Hyderabad,West Bengal
BR0111,Branch_111,Pune,West Bengal
BR0112,Branch_112,Chennai,Karnataka
BR0113,Branch_113,Bengaluru,Tamil Nadu
BR0114,Branch_114,Delhi,Karnataka
BR0115,Branch_115,Bengaluru,Tamil Nadu
BR0116,Branch_116,Bengaluru,Telangana
BR0117,Branch_117,Nagpur,Delhi
BR0118,Branch_118,Mumbai,Delhi
BR0119,Branch_119,Mumbai,Maharashtra
BR0120,Branch_120,Nagpur,Maharashtra
BR0121,Branch_121,Delhi,Karnataka
BR0122,Branch_122,Hyderabad,Karnataka
BR0123,Branch_123,Hyderabad,Maharashtra
BR0124,Branch_124,Delhi,Karnataka
BR0125,Branch_125,Chennai,Telangana
BR0126,Branch_126,Bengaluru,Delhi
BR0127,Branch_127,Nagpur,Karnataka
BR0128,Branch_128,Chennai,Karnataka
BR0129,Branch_129,Bengaluru,Telangana
BR0130,Branch_130,Hyderabad,Karnataka
BR0131,Branch_131,Bengaluru,Tamil Nadu
BR0132,Branch_132,Bengaluru,Delhi
BR0133,Branch_133,Nagpur,Karnataka
BR0134,Branch_134,Bengaluru,Karnataka
BR0135,Branch_135,Chennai,Delhi
BR0136,Branch_136,Pune,Tamil Nadu
BR0137,Branch_137,Bengaluru,Delhi
BR0138,Branch_138,Nagpur,Delhi
BR0139,Branch_139,Pune,Tamil Nadu
BR0140,Branch_140,Delhi,West Bengal
BR0141,Branch_141,Kolkata,Tamil Nadu
BR0142,Branch_142,Mumbai,West Bengal
BR0143,Branch_143,Pune,West Bengal
BR0144,Branch_144,Delhi,Karnataka
BR0145,Branch_145,Kolkata,Tamil Nadu
BR0146,Branch_146,Chennai,Delhi
BR0147,Branch_147,Nagpur,Karnataka
BR0148,Branch_148,Mumbai,Telangana
BR0149,Branch_149,Chennai,West Bengal
BR0150,Branch_150,Nagpur,West Bengal
BR0151,Branch_151,Chennai,Karnataka
BR0152,Branch_152,Pune,Telangana
BR0153,Branch_153,Kolkata,Delhi
BR0154,Branch_154,Pune,Tamil Nadu
BR0155,Branch_155,Delhi,Telangana
BR0156,Branch_156,Hyderabad,Telangana
BR0157,Branch_157,Mumbai,Tamil Nadu
BR0158,Branch_158,Bengaluru,Telangana
BR0159,Branch_159,Bengaluru,Maharashtra
BR0160,Branch_160,Chennai,Delhi
BR0161,Branch_161,Kolkata,Delhi
BR0162,Branch_162,Hyderabad,Tamil Nadu
BR0163,Branch_163,Delhi,Maharashtra
BR0164,Branch_164,Delhi,Delhi
BR0165,Branch_165,Delhi,Telangana
BR0166,Branch_166,Chennai,Tamil Nadu
BR0167,Branch_167,Pune,Telangana
BR0168,Branch_168,Mumbai,West Bengal
BR0169,Branch_169,Pune,West Bengal
BR0170,Branch_170,Nagpur,Maharashtra
BR0171,Branch_171,Nagpur,West Bengal
BR0172,Branch_172,Nagpur,Telangana
BR0173,Branch_173,Chennai,Telangana
BR0174,Branch_174,Hyderabad,Maharashtra
BR0175,Branch_175,Hyderabad,Telangana
BR0176,Branch_176,Delhi,Tamil Nadu
BR0177,Branch_177,Hyderabad,Telangana
BR0178,Branch_178,Mumbai,Maharashtra
BR0179,Branch_179,Kolkata,Telangana
BR0180,Branch_180,Bengaluru,West Bengal
BR0181,Branch_181,Kolkata,Tamil Nadu
BR0182,Branch_182,Mumbai,Maharashtra
BR0183,Branch_183,Delhi,West Bengal
BR0184,Branch_184,Hyderabad,West Bengal
BR0185,Branch_185,Delhi,Delhi
BR0186,Branch_186,Delhi,Tamil Nadu
BR0187,Branch_187,Mumbai,Karnataka
BR0188,Branch_188,Delhi,Telangana
BR0189,Branch_189,Mumbai,Karnataka
BR0190,Branch_190,Pune,Tamil Nadu
BR0191,Branch_191,Hyderabad,West Bengal
BR0192,Branch_192,Hyderabad,Tamil Nadu
BR0193,Branch_193,Bengaluru,West Bengal
BR0194,Branch_194,Pune,West Bengal
BR0195,Branch_195,Kolkata,Maharashtra
BR0196,Branch_196,Nagpur,Delhi
BR0197,Branch_197,Pune,Tamil Nadu
BR0198,Branch_198,Nagpur,Telangana
BR0199,Branch_199,Pune,Maharashtra
BR0200,Branch_200,Kolkata,Maharashtra
BR0201,Branch_201,Pune,Telangana
BR0202,Branch_202,Kolkata,Telangana
BR0203,Branch_203,Delhi,Delhi
BR0204,Branch_204,Hyderabad,Delhi
BR0205,Branch_205,Delhi,Maharashtra
BR0206,Branch_206,Pune,Telangana
BR0207,Branch_207,Chennai,Maharashtra
BR0208,Branch_208,Kolkata,Telangana
BR0209,Branch_209,Pune,Karnataka
BR0210,Branch_210,Chennai,Karnataka
BR0211,Branch_211,Pune,Tamil Nadu
BR0212,Branch_212,Hyderabad,Telangana
BR0213,Branch_213,Chennai,Tamil Nadu
BR0214,Branch_214,Delhi,Tamil Nadu
BR0215,Branch_215,Hyderabad,West Bengal
BR0216,Branch_216,Pune,Tamil Nadu
BR0217,Branch_217,Nagpur,Telangana
BR0218,Branch_218,Nagpur,Karnataka
BR0219,Branch_219,Delhi,Delhi
BR0220,Branch_220,Kolkata,Telangana
BR0221,Branch_221,Mumbai,Maharashtra
BR0222,Branch_222,Delhi,West Bengal
BR0223,Branch_223,Hyderabad,West Bengal
BR0224,Branch_224,Mumbai,Maharashtra
BR0225,Branch_225,Hyderabad,Tamil Nadu
BR0226,Branch_226,Pune,Maharashtra
BR0227,Branch_227,Chennai,Tamil Nadu
BR0228,Branch_228,Bengaluru,Maharashtra
BR0229,Branch_229,Bengaluru,Karnataka
BR0230,Branch_230,Mumbai,Telangana
BR0231,Branch_231,Delhi,Tamil Nadu
BR0232,Branch_232,Chennai,Karnataka
BR0233,Branch_233,Nagpur,West Bengal
BR0234,Branch_234,Chennai,Tamil Nadu
BR0235,Branch_235,Delhi,Delhi
BR0236,Branch_236,Hyderabad,Tamil Nadu
BR0237,Branch_237,Hyderabad,Tamil Nadu
BR0238,Branch_238,Delhi,Karnataka
BR0239,Branch_239,Pune,Tamil Nadu
BR0240,Branch_240,Hyderabad,West Bengal
BR0241,Branch_241,Mumbai,Tamil Nadu
BR0242,Branch_242,Bengaluru,Tamil Nadu
BR0243,Branch_243,Nagpur,Telangana
BR0244,Branch_244,Hyderabad,Delhi
BR0245,Branch_245,Hyderabad,Tamil Nadu
BR0246,Branch_246,Nagpur,Karnataka
BR0247,Branch_247,Chennai,Telangana
BR0248,Branch_248,Delhi,Delhi
BR0249,Branch_249,Chennai,Delhi
BR0250,Branch_250,Nagpur,Maharashtra
BR0251,Branch_251,Mumbai,West Bengal
BR0252,Branch_252,Delhi,Maharashtra
BR0253,Branch_253,Mumbai,Maharashtra
BR0254,Branch_254,Pune,West Bengal
BR0255,Branch_255,Hyderabad,Telangana
BR0256,Branch_256,Mumbai,Karnataka
BR0257,Branch_257,Hyderabad,Tamil Nadu
BR0258,Branch_258,Nagpur,Karnataka
BR0259,Branch_259,Mumbai,Maharashtra
BR0260,Branch_260,Bengaluru,Tamil Nadu
BR0261,Branch_261,Chennai,Delhi
BR0262,Branch_262,Mumbai,Telangana
BR0263,Branch_263,Pune,West Bengal
BR0264,Branch_264,Kolkata,West Bengal
BR0265,Branch_265,Kolkata,Karnataka
BR0266,Branch_266,Bengaluru,Tamil Nadu
BR0267,Branch_267,Delhi,Telangana
BR0268,Branch_268,Pune,Karnataka
BR0269,Branch_269,Bengaluru,Maharashtra
BR0270,Branch_270,Bengaluru,Karnataka
BR0271,Branch_271,Pune,Telangana
BR0272,Branch_272,Nagpur,West Bengal
BR0273,Branch_273,Mumbai,Maharashtra
BR0274,Branch_274,Kolkata,Tamil Nadu
BR0275,Branch_275,Delhi,West Bengal
BR0276,Branch_276,Delhi,West Bengal
BR0277,Branch_277,Delhi,Karnataka
BR0278,Branch_278,Chennai,Maharashtra
BR0279,Branch_279,Nagpur,Delhi
BR0280,Branch_280,Nagpur,West Bengal
BR0281,Branch_281,Pune,West Bengal
BR0282,Branch_282,Delhi,Telangana
BR0283,Branch_283,Hyderabad,Maharashtra
BR0284,Branch_284,Delhi,Maharashtra
BR0285,Branch_285,Delhi,Karnataka
BR0286,Branch_286,Kolkata,Telangana
BR0287,Branch_287,Mumbai,Maharashtra
BR0288,Branch_288,Bengaluru,Tamil Nadu
BR0289,Branch_289,Bengaluru,Telangana
BR0290,Branch_290,Delhi,Maharashtra
BR0291,Branch_291,Chennai,Maharashtra
BR0292,Branch_292,Pune,Karnataka
BR0293,Branch_293,Kolkata,Tamil Nadu
BR0294,Branch_294,Pune,Tamil Nadu
BR0295,Branch_295,Bengaluru,Karnataka
BR0296,Branch_296,Bengaluru,Delhi
BR0297,Branch_297,Chennai,West Bengal
BR0298,Branch_298,Delhi,Karnataka
BR0299,Branch_299,Pune,Delhi
BR0300,Branch_300,Nagpur,Karnataka
BR0301,Branch_301,Pune,Maharashtra
BR0302,Branch_302,Chennai,Delhi
BR0303,Branch_303,Nagpur,Telangana
BR0304,Branch_304,Kolkata,West Bengal
BR0305,Branch_305,Bengaluru,Tamil Nadu
BR0306,Branch_306,Mumbai,Tamil Nadu
BR0307,Branch_307,Pune,Telangana
BR0308,Branch_308,Bengaluru,Maharashtra
BR0309,Branch_309,Pune,Karnataka
BR0310,Branch_310,Nagpur,West Bengal
BR0311,Branch_311,Hyderabad,Maharashtra
BR0312,Branch_312,Hyderabad,West Bengal
BR0313,Branch_313,Nagpur,Tamil Nadu
BR0314,Branch_314,Pune,Delhi
BR0315,Branch_315,Mumbai,Tamil Nadu
BR0316,Branch_316,Hyderabad,West Bengal
BR0317,Branch_317,Hyderabad,Maharashtra
BR0318,Branch_318,Hyderabad,Maharashtra
BR0319,Branch_319,Kolkata,Telangana
BR0320,Branch_320,Chennai,West Bengal
BR0321,Branch_321,Pune,Maharashtra
BR0322,Branch_322,Nagpur,Telangana
BR0323,Branch_323,Bengaluru,Maharashtra
BR0324,Branch_324,Kolkata,Telangana
BR0325,Branch_325,Kolkata,Telangana
BR0326,Branch_326,Mumbai,Maharashtra
BR0327,Branch_327,Mumbai,Tamil Nadu
BR0328,Branch_328,Nagpur,West Bengal
BR0329,Branch_329,Mumbai,West Bengal
BR0330,Branch_330,Bengaluru,Maharashtra
BR0331,Branch_331,Bengaluru,Delhi
BR0332,Branch_332,Pune,Delhi
BR0333,Branch_333,Pune,Karnataka
BR0334,Branch_334,Chennai,Maharashtra
BR0335,Branch_335,Delhi,West Bengal
BR0336,Branch_336,Chennai,Tamil Nadu
BR0337,Branch_337,Kolkata,Tamil Nadu
BR0338,Branch_338,Pune,Delhi
BR0339,Branch_339,Mumbai,Maharashtra
BR0340,Branch_340,Kolkata,West Bengal
BR0341,Branch_341,Hyderabad,Delhi
BR0342,Branch_342,Pune,Telangana
BR0343,Branch_343,Bengaluru,West Bengal
BR0344,Branch_344,Bengaluru,Maharashtra
BR0345,Branch_345,Kolkata,Maharashtra
BR0346,Branch_346,Pune,Maharashtra
BR0347,Branch_347,Kolkata,Maharashtra
BR0348,Branch_348,Kolkata,Maharashtra
BR0349,Branch_349,Mumbai,Tamil Nadu
BR0350,Branch_350,Mumbai,Telangana
BR0351,Branch_351,Bengaluru,West Bengal
BR0352,Branch_352,Nagpur,Tamil Nadu
BR0353,Branch_353,Pune,West Bengal
BR0354,Branch_354,Delhi,Delhi
BR0355,Branch_355,Kolkata,Delhi
BR0356,Branch_356,Kolkata,West Bengal
BR0357,Branch_357,Mumbai,Delhi
BR0358,Branch_358,Kolkata,Maharashtra
BR0359,Branch_359,Nagpur,Tamil Nadu
BR0360,Branch_360,Hyderabad,Tamil Nadu
BR0361,Branch_361,Chennai,West Bengal
BR0362,Branch_362,Kolkata,West Bengal
BR0363,Branch_363,Mumbai,Maharashtra
BR0364,Branch_364,Kolkata,Tamil Nadu
BR0365,Branch_365,Nagpur,West Bengal
BR0366,Branch_366,Bengaluru,Tamil Nadu
BR0367,Branch_367,Delhi,Tamil Nadu
BR0368,Branch_368,Pune,West Bengal
BR0369,Branch_369,Nagpur,Karnataka
BR0370,Branch_370,Chennai,Maharashtra
BR0371,Branch_371,Pune,Karnataka
BR0372,Branch_372,Hyderabad,Delhi
BR0373,Branch_373,Delhi,Maharashtra
BR0374,Branch_374,Pune,Maharashtra
BR0375,Branch_375,Kolkata,Tamil Nadu
BR0376,Branch_376,Nagpur,Telangana
BR0377,Branch_377,Hyderabad,Telangana
BR0378,Branch_378,Hyderabad,Tamil Nadu
BR0379,Branch_379,Delhi,Telangana
BR0380,Branch_380,Pune,Telangana
BR0381,Branch_381,Nagpur,Maharashtra
BR0382,Branch_382,Kolkata,West Bengal
BR0383,Branch_383,Kolkata,Karnataka
BR0384,Branch_384,Mumbai,Maharashtra
BR0385,Branch_385,Nagpur,Tamil Nadu
BR0386,Branch_386,Nagpur,Tamil Nadu
BR0387,Branch_387,Nagpur,Maharashtra
BR0388,Branch_388,Chennai,Delhi
BR0389,Branch_389,Kolkata,Maharashtra
BR0390,Branch_390,Mumbai,Delhi
BR0391,Branch_391,Hyderabad,Maharashtra
BR0392,Branch_392,Mumbai,Tamil Nadu
BR0393,Branch_393,Pune,Telangana
BR0394,Branch_394,Bengaluru,West Bengal
BR0395,Branch_395,Hyderabad,Tamil Nadu
BR0396,Branch_396,Chennai,Telangana
BR0397,Branch_397,Nagpur,Telangana
BR0398,Branch_398,Mumbai,Maharashtra
BR0399,Branch_399,Pune,Maharashtra
BR0400,Branch_400,Pune,Telangana
BR0401,Branch_401,Kolkata,Maharashtra
BR0402,Branch_402,Chennai,Maharashtra
BR0403,Branch_403,Pune,Delhi
BR0404,Branch_404,Kolkata,West Bengal
BR0405,Branch_405,Delhi,Karnataka
BR0406,Branch_406,Bengaluru,Tamil Nadu
BR0407,Branch_407,Delhi,Karnataka
BR0408,Branch_408,Mumbai,Delhi
BR0409,Branch_409,Kolkata,Karnataka
BR0410,Branch_410,Nagpur,Maharashtra
BR0411,Branch_411,Mumbai,Tamil Nadu
BR0412,Branch_412,Mumbai,Delhi
BR0413,Branch_413,Pune,Karnataka
BR0414,Branch_414,Mumbai,West Bengal
BR0415,Branch_415,Nagpur,Telangana
BR0416,Branch_416,Hyderabad,Karnataka
BR0417,Branch_417,Kolkata,Telangana
BR0418,Branch_418,Nagpur,Tamil Nadu
BR0419,Branch_419,Pune,Delhi
BR0420,Branch_420,Bengaluru,Telangana
BR0421,Branch_421,Kolkata,West Bengal
BR0422,Branch_422,Hyderabad,Telangana
BR0423,Branch_423,Chennai,Karnataka
BR0424,Branch_424,Bengaluru,Maharashtra
BR0425,Branch_425,Delhi,Delhi
BR0426,Branch_426,Mumbai,West Bengal
BR0427,Branch_427,Chennai,Telangana
BR0428,Branch_428,Chennai,Delhi
BR0429,Branch_429,Nagpur,Karnataka
BR0430,Branch_430,Hyderabad,Telangana
BR0431,Branch_431,Nagpur,Telangana
BR0432,Branch_432,Hyderabad,Tamil Nadu
BR0433,Branch_433,Chennai,Delhi
BR0434,Branch_434,Mumbai,Telangana
BR0435,Branch_435,Delhi,Karnataka
BR0436,Branch_436,Nagpur,West Bengal
BR0437,Branch_437,Bengaluru,Maharashtra
BR0438,Branch_438,Kolkata,Maharashtra
BR0439,Branch_439,Nagpur,Karnataka
BR0440,Branch_440,Delhi,Telangana
BR0441,Branch_441,Kolkata,Tamil Nadu
BR0442,Branch_442,Pune,Karnataka
BR0443,Branch_443,Mumbai,West Bengal
BR0444,Branch_444,Delhi,Karnataka
BR0445,Branch_445,Bengaluru,Maharashtra
BR0446,Branch_446,Hyderabad,Maharashtra
BR0447,Branch_447,Pune,West Bengal
BR0448,Branch_448,Kolkata,Maharashtra
BR0449,Branch_449,Bengaluru,West Bengal
BR0450,Branch_450,Pune,Delhi
BR0451,Branch_451,Kolkata,Maharashtra
BR0452,Branch_452,Kolkata,Delhi
BR0453,Branch_453,Delhi,Telangana
BR0454,Branch_454,Nagpur,Karnataka
BR0455,Branch_455,Bengaluru,Tamil Nadu
BR0456,Branch_456,Bengaluru,Telangana
BR0457,Branch_457,Mumbai,Karnataka
BR0458,Branch_458,Hyderabad,Telangana
BR0459,Branch_459,Chennai,West Bengal
BR0460,Branch_460,Nagpur,Karnataka
BR0461,Branch_461,Hyderabad,Maharashtra
BR0462,Branch_462,Mumbai,Karnataka
BR0463,Branch_463,Hyderabad,West Bengal
BR0464,Branch_464,Delhi,Delhi
BR0465,Branch_465,Nagpur,West Bengal
BR0466,Branch_466,Kolkata,Telangana
BR0467,Branch_467,Mumbai,Telangana
BR0468,Branch_468,Bengaluru,Delhi
BR0469,Branch_469,Mumbai,West Bengal
BR0470,Branch_470,Kolkata,Maharashtra
BR0471,Branch_471,Hyderabad,Delhi
BR0472,Branch_472,Chennai,Karnataka
BR0473,Branch_473,Delhi,Karnataka
BR0474,Branch_474,Delhi,Karnataka
BR0475,Branch_475,Hyderabad,Maharashtra
BR0476,Branch_476,Chennai,Delhi
BR0477,Branch_477,Chennai,Maharashtra
BR0478,Branch_478,Nagpur,Telangana
BR0479,Branch_479,Hyderabad,Karnataka
BR0480,Branch_480,Nagpur,Telangana
BR0481,Branch_481,Pune,Telangana
BR0482,Branch_482,Chennai,Tamil Nadu
BR0483,Branch_483,Pune,Telangana
BR0484,Branch_484,Chennai,Telangana
BR0485,Branch_485,Delhi,Telangana
BR0486,Branch_486,Mumbai,Telangana
BR0487,Branch_487,Pune,Telangana
BR0488,Branch_488,Bengaluru,Delhi
BR0489,Branch_489,Chennai,Delhi
BR0490,Branch_490,Bengaluru,Tamil Nadu
BR0491,Branch_491,Kolkata,Karnataka
BR0492,Branch_492,Chennai,Telangana
BR0493,Branch_493,Chennai,Delhi
BR0494,Branch_494,Bengaluru,Karnataka
BR0495,Branch_495,Pune,Telangana
BR0496,Branch_496,Delhi,Telangana
BR0497,Branch_497,Nagpur,Telangana
BR0498,Branch_498,Pune,Karnataka
BR0499,Branch_499,Kolkata,West Bengal
BR0500,Branch_500,Delhi,Telangana
